Date,Province,Cumulative number of people (Vaccinedose1),Cumulative percent of people (Vaccinedose1)
12/19/2020,Canada,12368,0.1
12/19/2020,Newfoundland and Labrador,972,0.2
12/19/2020,Nova Scotia,1092,0.1
12/19/2020,Quebec,4728,0.1
12/19/2020,Manitoba,894,0.1
12/19/2020,Saskatchewan,1048,0.1
12/19/2020,British Columbia,3634,0.1
12/19/2020,Yukon,0,0
12/19/2020,Northwest Territories,0,0
12/19/2020,Nunavut,0,0
12/26/2020,Canada,46180,0.2
12/26/2020,Newfoundland and Labrador,1785,0.3
12/26/2020,Prince Edward Island,1152,0.7
12/26/2020,Nova Scotia,2218,0.2
12/26/2020,New Brunswick,2606,0.3
12/26/2020,Quebec,17221,0.2
12/26/2020,Manitoba,2177,0.2
12/26/2020,Saskatchewan,1782,0.2
12/26/2020,Alberta,4792,0.1
12/26/2020,British Columbia,12447,0.2
12/26/2020,Yukon,0,0
12/26/2020,Northwest Territories,0,0
12/26/2020,Nunavut,0,0
1/2/2021,Canada,82530,0.4
1/2/2021,Newfoundland and Labrador,1785,0.3
1/2/2021,Prince Edward Island,1674,1
1/2/2021,Nova Scotia,2720,0.3
1/2/2021,New Brunswick,2886,0.4
1/2/2021,Quebec,28310,0.3
1/2/2021,Manitoba,3432,0.2
1/2/2021,Saskatchewan,3540,0.3
1/2/2021,Alberta,13383,0.3
1/2/2021,British Columbia,24670,0.5
1/2/2021,Yukon,0,0
1/2/2021,Northwest Territories,130,0.3
1/2/2021,Nunavut,0,0
1/9/2021,Canada,217393,0.9
1/9/2021,Newfoundland and Labrador,2847,0.5
1/9/2021,Prince Edward Island,2485,1.5
1/9/2021,Nova Scotia,2755,0.3
1/9/2021,New Brunswick,6241,0.8
1/9/2021,Quebec,83298,1
1/9/2021,Manitoba,8694,0.6
1/9/2021,Saskatchewan,5528,0.5
1/9/2021,Alberta,44298,1
1/9/2021,British Columbia,60215,1.2
1/9/2021,Yukon,495,1.1
1/9/2021,Northwest Territories,511,1.2
1/9/2021,Nunavut,26,0.1
1/16/2021,Canada,564976,1.5
1/16/2021,Newfoundland and Labrador,4250,0.8
1/16/2021,Prince Edward Island,4308,2.6
1/16/2021,Nova Scotia,5740,0.6
1/16/2021,New Brunswick,7918,1
1/16/2021,Quebec,145783,1.7
1/16/2021,Ontario,189240,1.3
1/16/2021,Manitoba,16499,1.2
1/16/2021,Saskatchewan,14323,1.2
1/16/2021,Alberta,81859,1.8
1/16/2021,British Columbia,89715,1.7
1/16/2021,Yukon,1309,3
1/16/2021,Northwest Territories,1891,4.3
1/16/2021,Nunavut,2141,5.4
1/23/2021,Canada,775546,2
1/23/2021,Newfoundland and Labrador,7448,1.4
1/23/2021,Prince Edward Island,5231,3.2
1/23/2021,Nova Scotia,8288,0.8
1/23/2021,New Brunswick,11516,1.5
1/23/2021,Quebec,218827,2.5
1/23/2021,Ontario,249132,1.7
1/23/2021,Manitoba,25839,1.9
1/23/2021,Saskatchewan,23687,2
1/23/2021,Alberta,89557,2
1/23/2021,British Columbia,118152,2.3
1/23/2021,Yukon,3950,9.2
1/23/2021,Northwest Territories,9471,21.8
1/23/2021,Nunavut,4448,11.3
1/30/2021,Canada,859297,2.2
1/30/2021,Newfoundland and Labrador,8353,1.6
1/30/2021,Prince Edward Island,5286,3.2
1/30/2021,Nova Scotia,12090,1.2
1/30/2021,New Brunswick,12791,1.6
1/30/2021,Quebec,239499,2.8
1/30/2021,Ontario,270795,1.8
1/30/2021,Manitoba,32441,2.3
1/30/2021,Saskatchewan,27235,2.3
1/30/2021,Alberta,90238,2
1/30/2021,British Columbia,135503,2.6
1/30/2021,Yukon,7355,17.1
1/30/2021,Northwest Territories,12247,28.2
1/30/2021,Nunavut,5464,13.9
2/6/2021,Canada,901485,2.4
2/6/2021,Newfoundland and Labrador,8890,1.7
2/6/2021,Prince Edward Island,5309,3.2
2/6/2021,Nova Scotia,12849,1.3
2/6/2021,New Brunswick,13262,1.7
2/6/2021,Quebec,257501,3
2/6/2021,Ontario,277440,1.9
2/6/2021,Manitoba,33641,2.4
2/6/2021,Saskatchewan,29782,2.5
2/6/2021,Alberta,90668,2
2/6/2021,British Columbia,143002,2.7
2/6/2021,Yukon,10447,24.2
2/6/2021,Northwest Territories,12830,29.5
2/6/2021,Nunavut,5864,14.9
2/13/2021,Canada,973111,2.5
2/13/2021,Newfoundland and Labrador,9792,1.9
2/13/2021,Prince Edward Island,5697,3.5
2/13/2021,Nova Scotia,14727,1.5
2/13/2021,New Brunswick,13661,1.7
2/13/2021,Quebec,293739,3.4
2/13/2021,Ontario,292983,2
2/13/2021,Manitoba,34848,2.5
2/13/2021,Saskatchewan,32883,2.8
2/13/2021,Alberta,94996,2.1
2/13/2021,British Columbia,149190,2.9
2/13/2021,Yukon,10524,24.4
2/13/2021,Northwest Territories,13575,31.2
2/13/2021,Nunavut,6496,16.5
2/20/2021,Canada,1086633,2.8
2/20/2021,Newfoundland and Labrador,10436,2
2/20/2021,Prince Edward Island,6458,3.9
2/20/2021,Nova Scotia,14915,1.5
2/20/2021,New Brunswick,15271,1.9
2/20/2021,Quebec,345987,4
2/20/2021,Ontario,319915,2.2
2/20/2021,Manitoba,36279,2.6
2/20/2021,Saskatchewan,37784,3.2
2/20/2021,Alberta,103236,2.3
2/20/2021,British Columbia,164249,3.1
2/20/2021,Yukon,10613,24.6
2/20/2021,Northwest Territories,14517,33.4
2/20/2021,Nunavut,6973,17.7
2/27/2021,Canada,1381587,3.6
2/27/2021,Newfoundland and Labrador,16623,3.2
2/27/2021,Prince Edward Island,7371,4.5
2/27/2021,Nova Scotia,19734,2
2/27/2021,New Brunswick,21700,2.7
2/27/2021,Quebec,431743,5
2/27/2021,Ontario,425162,2.9
2/27/2021,Manitoba,46651,3.4
2/27/2021,Saskatchewan,46310,3.9
2/27/2021,Alberta,139961,3.2
2/27/2021,British Columbia,192763,3.7
2/27/2021,Yukon,10959,25.4
2/27/2021,Northwest Territories,15214,35
2/27/2021,Nunavut,7396,18.8
3/6/2021,Canada,1854986,4.9
3/6/2021,Newfoundland and Labrador,21087,4.1
3/6/2021,Prince Edward Island,8678,5.3
3/6/2021,Nova Scotia,25011,2.5
3/6/2021,New Brunswick,26329,3.3
3/6/2021,Quebec,548031,6.4
3/6/2021,Ontario,619315,4.2
3/6/2021,Manitoba,59400,4.3
3/6/2021,Saskatchewan,56522,4.8
3/6/2021,Alberta,202240,4.6
3/6/2021,British Columbia,247556,4.7
3/6/2021,Yukon,14565,33.8
3/6/2021,Northwest Territories,17053,39.2
3/6/2021,Nunavut,9199,23.3
3/13/2021,Canada,2500228,6.5
3/13/2021,Newfoundland and Labrador,27418,5.3
3/13/2021,Prince Edward Island,10397,6.3
3/13/2021,Nova Scotia,31964,3.2
3/13/2021,New Brunswick,39189,5
3/13/2021,Quebec,714034,8.3
3/13/2021,Ontario,874937,5.9
3/13/2021,Manitoba,72282,5.2
3/13/2021,Saskatchewan,69655,5.9
3/13/2021,Alberta,288021,6.5
3/13/2021,British Columbia,323189,6.2
3/13/2021,Yukon,19181,44.5
3/13/2021,Northwest Territories,19685,45.3
3/13/2021,Nunavut,10276,26.1
3/20/2021,Canada,3402972,8.9
3/20/2021,Newfoundland and Labrador,38915,7.5
3/20/2021,Prince Edward Island,13008,7.9
3/20/2021,Nova Scotia,40820,4.1
3/20/2021,New Brunswick,49626,6.3
3/20/2021,Quebec,945382,11
3/20/2021,Ontario,1225457,8.3
3/20/2021,Manitoba,90578,6.5
3/20/2021,Saskatchewan,101130,8.6
3/20/2021,Alberta,388455,8.7
3/20/2021,British Columbia,453484,8.7
3/20/2021,Yukon,22146,51.4
3/20/2021,Northwest Territories,22113,50.9
3/20/2021,Nunavut,11858,30.1
3/27/2021,Canada,4533249,11.9
3/27/2021,Newfoundland and Labrador,51244,9.8
3/27/2021,Prince Edward Island,15302,9.3
3/27/2021,Nova Scotia,64681,6.5
3/27/2021,New Brunswick,80204,10.2
3/27/2021,Quebec,1218798,14.2
3/27/2021,Ontario,1672351,11.3
3/27/2021,Manitoba,117810,8.5
3/27/2021,Saskatchewan,134591,11.4
3/27/2021,Alberta,504407,11.4
3/27/2021,British Columbia,613971,11.8
3/27/2021,Yukon,23028,53.4
3/27/2021,Northwest Territories,23721,54.6
3/27/2021,Nunavut,13141,33.4
4/3/2021,Canada,5788634,15.1
4/3/2021,Newfoundland and Labrador,78734,15.1
4/3/2021,Prince Edward Island,19830,12.1
4/3/2021,Nova Scotia,83796,8.4
4/3/2021,New Brunswick,110951,14.1
4/3/2021,Quebec,1524363,17.7
4/3/2021,Ontario,2171573,14.6
4/3/2021,Manitoba,147826,10.7
4/3/2021,Saskatchewan,182451,15.5
4/3/2021,Alberta,600594,13.5
4/3/2021,British Columbia,807585,15.5
4/3/2021,Yukon,23414,54.3
4/3/2021,Northwest Territories,24102,55.4
4/3/2021,Nunavut,13415,34
4/10/2021,Canada,7339820,19.2
4/10/2021,Newfoundland and Labrador,100594,19.3
4/10/2021,Prince Edward Island,26330,16
4/10/2021,Nova Scotia,116818,11.8
4/10/2021,New Brunswick,135849,17.2
4/10/2021,Quebec,1873389,21.8
4/10/2021,Ontario,2808322,18.9
4/10/2021,Manitoba,215922,15.6
4/10/2021,Saskatchewan,249571,21.2
4/10/2021,Alberta,728292,16.4
4/10/2021,British Columbia,1022386,19.6
4/10/2021,Yukon,23872,55.4
4/10/2021,Northwest Territories,24745,56.9
4/10/2021,Nunavut,13730,34.8
4/17/2021,Canada,9195645,24
4/17/2021,Newfoundland and Labrador,122808,23.6
4/17/2021,Prince Edward Island,33443,20.4
4/17/2021,Nova Scotia,173886,17.5
4/17/2021,New Brunswick,182776,23.2
4/17/2021,Quebec,2325284,27
4/17/2021,Ontario,3493866,23.6
4/17/2021,Manitoba,267700,19.3
4/17/2021,Saskatchewan,309498,26.2
4/17/2021,Alberta,932880,21
4/17/2021,British Columbia,1289561,24.7
4/17/2021,Yukon,24317,56.4
4/17/2021,Northwest Territories,25374,58.4
4/17/2021,Nunavut,14252,36.2
4/24/2021,Canada,11133205,29.1
4/24/2021,Newfoundland and Labrador,147423,28.3
4/24/2021,Prince Edward Island,39609,24.1
4/24/2021,Nova Scotia,238566,24
4/24/2021,New Brunswick,219409,27.8
4/24/2021,Quebec,2773237,32.2
4/24/2021,Ontario,4268812,28.8
4/24/2021,Manitoba,349534,25.3
4/24/2021,Saskatchewan,360124,30.5
4/24/2021,Alberta,1127370,25.4
4/24/2021,British Columbia,1543285,29.6
4/24/2021,Yukon,24817,57.6
4/24/2021,Northwest Territories,25856,59.5
4/24/2021,Nunavut,15163,38.5
5/1/2021,Canada,12780218,33.4
5/1/2021,Newfoundland and Labrador,171285,32.9
5/1/2021,Prince Edward Island,45455,27.7
5/1/2021,Nova Scotia,283812,28.6
5/1/2021,New Brunswick,244129,30.9
5/1/2021,Quebec,3109499,36.1
5/1/2021,Ontario,4951946,33.4
5/1/2021,Manitoba,412267,29.8
5/1/2021,Saskatchewan,406910,34.5
5/1/2021,Alberta,1305432,29.4
5/1/2021,British Columbia,1781904,34.2
5/1/2021,Yukon,25192,58.4
5/1/2021,Northwest Territories,26332,60.6
5/1/2021,Nunavut,16055,40.7
5/8/2021,Canada,14772959,38.6
5/8/2021,Newfoundland and Labrador,193584,37.2
5/8/2021,Prince Edward Island,52667,32.1
5/8/2021,Nova Scotia,326139,32.9
5/8/2021,New Brunswick,277851,35.2
5/8/2021,Quebec,3538654,41.1
5/8/2021,Ontario,5754150,38.8
5/8/2021,Manitoba,473652,34.2
5/8/2021,Saskatchewan,481852,40.8
5/8/2021,Alberta,1556400,35
5/8/2021,British Columbia,2048552,39.3
5/8/2021,Yukon,25731,59.7
5/8/2021,Northwest Territories,27308,62.8
5/8/2021,Nunavut,16419,41.7
5/15/2021,Canada,17141219,44.8
5/15/2021,Newfoundland and Labrador,225770,43.4
5/15/2021,Prince Edward Island,62209,37.9
5/15/2021,Nova Scotia,388511,39.2
5/15/2021,New Brunswick,323472,41
5/15/2021,Quebec,4073258,47.3
5/15/2021,Ontario,6638361,44.8
5/15/2021,Manitoba,560533,40.5
5/15/2021,Saskatchewan,554319,47
5/15/2021,Alberta,1850072,41.6
5/15/2021,British Columbia,2393401,45.9
5/15/2021,Yukon,26242,60.9
5/15/2021,Northwest Territories,28358,65.2
5/15/2021,Nunavut,16713,42.4
5/22/2021,Canada,19234013,50.3
5/22/2021,Newfoundland and Labrador,260190,50
5/22/2021,Prince Edward Island,71427,43.5
5/22/2021,Nova Scotia,460948,46.5
5/22/2021,New Brunswick,387011,49
5/22/2021,Quebec,4602209,53.5
5/22/2021,Ontario,7537294,50.8
5/22/2021,Manitoba,643349,46.5
5/22/2021,Saskatchewan,604766,51.3
5/22/2021,Alberta,1854382,41.7
5/22/2021,British Columbia,2739776,52.5
5/22/2021,Yukon,26731,62
5/22/2021,Northwest Territories,28895,66.5
5/22/2021,Nunavut,17035,43.2
5/29/2021,Canada,21582639,56.4
5/29/2021,Newfoundland and Labrador,290038,55.7
5/29/2021,Prince Edward Island,79901,48.6
5/29/2021,Nova Scotia,537868,54.2
5/29/2021,New Brunswick,432216,54.8
5/29/2021,Quebec,5077148,59
5/29/2021,Ontario,8298869,56
5/29/2021,Manitoba,728662,52.7
5/29/2021,Saskatchewan,642413,54.4
5/29/2021,Alberta,2357833,53.1
5/29/2021,British Columbia,3063827,58.8
5/29/2021,Yukon,27038,62.7
5/29/2021,Northwest Territories,29591,68.1
5/29/2021,Nunavut,17235,43.7
6/5/2021,Canada,23312585,61
6/5/2021,Newfoundland and Labrador,318238,61.1
6/5/2021,Prince Edward Island,89837,54.7
6/5/2021,Nova Scotia,590905,59.6
6/5/2021,New Brunswick,484535,61.4
6/5/2021,Quebec,5529418,64.3
6/5/2021,Ontario,8963082,60.5
6/5/2021,Manitoba,786098,56.8
6/5/2021,Saskatchewan,661054,56
6/5/2021,Alberta,2511236,56.5
6/5/2021,British Columbia,3307406,63.4
6/5/2021,Yukon,27303,63.3
6/5/2021,Northwest Territories,25667,59
6/5/2021,Nunavut,17806,45.2
6/12/2021,Canada,24407848,63.8
6/12/2021,Newfoundland and Labrador,343290,65.9
6/12/2021,Prince Edward Island,99362,60.5
6/12/2021,Nova Scotia,644668,65
6/12/2021,New Brunswick,510209,64.6
6/12/2021,Quebec,5809725,67.5
6/12/2021,Ontario,9413440,63.5
6/12/2021,Manitoba,825173,59.6
6/12/2021,Saskatchewan,680921,57.7
6/12/2021,Alberta,2589472,58.3
6/12/2021,British Columbia,3419622,65.6
6/12/2021,Yukon,27594,64
6/12/2021,Northwest Territories,26114,60.1
6/12/2021,Nunavut,18258,46.3
6/19/2021,Canada,25037600,65.5
6/19/2021,Newfoundland and Labrador,363831,69.9
6/19/2021,Prince Edward Island,108970,66.3
6/19/2021,Nova Scotia,687356,69.3
6/19/2021,New Brunswick,521297,66.1
6/19/2021,Quebec,5941904,69.1
6/19/2021,Ontario,9677721,65.3
6/19/2021,Manitoba,849464,61.4
6/19/2021,Saskatchewan,698082,59.2
6/19/2021,Alberta,2638391,59.4
6/19/2021,British Columbia,3475832,66.7
6/19/2021,Yukon,28208,65.4
6/19/2021,Northwest Territories,26581,61.1
6/19/2021,Nunavut,19963,50.7
6/26/2021,Canada,25455441,66.6
6/26/2021,Newfoundland and Labrador,378807,72.8
6/26/2021,Prince Edward Island,114442,69.6
6/26/2021,Nova Scotia,698309,70.4
6/26/2021,New Brunswick,531245,67.3
6/26/2021,Quebec,5996065,69.7
6/26/2021,Ontario,9864684,66.5
6/26/2021,Manitoba,870030,62.9
6/26/2021,Saskatchewan,710021,60.2
6/26/2021,Alberta,2663494,59.9
6/26/2021,British Columbia,3549916,68.1
6/26/2021,Yukon,30426,70.6
6/26/2021,Northwest Territories,26938,62
6/26/2021,Nunavut,21064,53.5
7/3/2021,Canada,25811697,67.5
7/3/2021,Newfoundland and Labrador,384504,73.9
7/3/2021,Prince Edward Island,117274,71.4
7/3/2021,Nova Scotia,703055,70.9
7/3/2021,New Brunswick,537891,68.2
7/3/2021,Quebec,6047454,70.3
7/3/2021,Ontario,10006851,67.5
7/3/2021,Manitoba,894428,64.6
7/3/2021,Saskatchewan,719305,61
7/3/2021,Alberta,2717742,61.2
7/3/2021,British Columbia,3603679,69.1
7/3/2021,Yukon,30803,71.4
7/3/2021,Northwest Territories,27206,62.6
7/3/2021,Nunavut,21505,54.6
7/10/2021,Canada,26130388,68.3
7/10/2021,Newfoundland and Labrador,392429,75.4
7/10/2021,Prince Edward Island,119749,72.9
7/10/2021,Nova Scotia,711307,71.7
7/10/2021,New Brunswick,545921,69.2
7/10/2021,Quebec,6095711,70.8
7/10/2021,Ontario,10142704,68.4
7/10/2021,Manitoba,914318,66.1
7/10/2021,Saskatchewan,729040,61.8
7/10/2021,Alberta,2747926,61.9
7/10/2021,British Columbia,3650613,70
7/10/2021,Yukon,31191,72.3
7/10/2021,Northwest Territories,27445,63.1
7/10/2021,Nunavut,22034,55.9
7/17/2021,Canada,26430223,69.1
7/17/2021,Newfoundland and Labrador,397427,76.3
7/17/2021,Prince Edward Island,121913,74.2
7/17/2021,Nova Scotia,724947,73.1
7/17/2021,New Brunswick,552572,70
7/17/2021,Quebec,6147601,71.4
7/17/2021,Ontario,10269103,69.3
7/17/2021,Manitoba,929567,67.2
7/17/2021,Saskatchewan,736435,62.4
7/17/2021,Alberta,2779941,62.6
7/17/2021,British Columbia,3689083,70.7
7/17/2021,Yukon,31424,72.9
7/17/2021,Northwest Territories,27704,63.7
7/17/2021,Nunavut,22506,57.1
7/24/2021,Canada,26690606,69.8
7/24/2021,Newfoundland and Labrador,399946,76.8
7/24/2021,Prince Edward Island,123234,75
7/24/2021,Nova Scotia,728671,73.5
7/24/2021,New Brunswick,559688,70.9
7/24/2021,Quebec,6199112,72
7/24/2021,Ontario,10383281,70
7/24/2021,Manitoba,943121,68.2
7/24/2021,Saskatchewan,743551,63
7/24/2021,Alberta,2803897,63.1
7/24/2021,British Columbia,3723811,71.4
7/24/2021,Yukon,31642,73.4
7/24/2021,Northwest Territories,27910,64.2
7/24/2021,Nunavut,22742,57.7
7/31/2021,Canada,26928712,70.4
7/31/2021,Newfoundland and Labrador,403456,77.5
7/31/2021,Prince Edward Island,124530,75.8
7/31/2021,Nova Scotia,736474,74.2
7/31/2021,New Brunswick,565166,71.6
7/31/2021,Quebec,6239810,72.5
7/31/2021,Ontario,10485065,70.7
7/31/2021,Manitoba,958899,69.3
7/31/2021,Saskatchewan,749424,63.5
7/31/2021,Alberta,2825516,63.6
7/31/2021,British Columbia,3757483,72.1
7/31/2021,Yukon,31870,73.9
7/31/2021,Northwest Territories,28087,64.6
7/31/2021,Nunavut,22932,58.2
8/7/2021,Canada,27117595,70.9
8/7/2021,Newfoundland and Labrador,407370,78.3
8/7/2021,Prince Edward Island,125660,76.5
8/7/2021,Nova Scotia,744097,75
8/7/2021,New Brunswick,569327,72.1
8/7/2021,Quebec,6284824,73
8/7/2021,Ontario,10553582,71.2
8/7/2021,Manitoba,965803,69.8
8/7/2021,Saskatchewan,753498,63.9
8/7/2021,Alberta,2842134,64
8/7/2021,British Columbia,3787832,72.6
8/7/2021,Yukon,32065,74.4
8/7/2021,Northwest Territories,28271,65
8/7/2021,Nunavut,23132,58.7
8/14/2021,Canada,27314265,71.4
8/14/2021,Newfoundland and Labrador,411260,79
8/14/2021,Prince Edward Island,126543,77
8/14/2021,Nova Scotia,747651,75.4
8/14/2021,New Brunswick,573062,72.6
8/14/2021,Quebec,6343431,73.7
8/14/2021,Ontario,10624677,71.7
8/14/2021,Manitoba,971605,70.2
8/14/2021,Saskatchewan,757553,64.2
8/14/2021,Alberta,2858602,64.3
8/14/2021,British Columbia,3815915,73.2
8/14/2021,Yukon,32169,74.6
8/14/2021,Northwest Territories,28492,65.5
8/14/2021,Nunavut,23305,59.1
8/21/2021,Canada,27524517,72
8/21/2021,Newfoundland and Labrador,413918,79.5
8/21/2021,Prince Edward Island,127418,77.5
8/21/2021,Nova Scotia,750104,75.6
8/21/2021,New Brunswick,577159,73.1
8/21/2021,Quebec,6400913,74.4
8/21/2021,Ontario,10712555,72.3
8/21/2021,Manitoba,976886,70.6
8/21/2021,Saskatchewan,762659,64.6
8/21/2021,Alberta,2876600,64.7
8/21/2021,British Columbia,3841612,73.7
8/21/2021,Yukon,32284,74.9
8/21/2021,Northwest Territories,28882,66.4
8/21/2021,Nunavut,23527,59.7
8/28/2021,Canada,27764397,72.6
8/28/2021,Newfoundland and Labrador,416570,80
8/28/2021,Prince Edward Island,128223,78
8/28/2021,Nova Scotia,755395,76.1
8/28/2021,New Brunswick,581890,73.7
8/28/2021,Quebec,6459261,75.1
8/28/2021,Ontario,10797333,72.8
8/28/2021,Manitoba,983935,71.1
8/28/2021,Saskatchewan,768609,65.1
8/28/2021,Alberta,2898859,65.2
8/28/2021,British Columbia,3888929,74.6
8/28/2021,Yukon,32417,75.2
8/28/2021,Northwest Territories,29268,67.3
8/28/2021,Nunavut,23708,60.2
9/4/2021,Canada,28014962,73.3
9/4/2021,Newfoundland and Labrador,418923,80.5
9/4/2021,Prince Edward Island,128980,78.5
9/4/2021,Nova Scotia,758774,76.5
9/4/2021,New Brunswick,591185,74.9
9/4/2021,Quebec,6522882,75.8
9/4/2021,Ontario,10886925,73.4
9/4/2021,Manitoba,995895,72
9/4/2021,Saskatchewan,775050,65.7
9/4/2021,Alberta,2925095,65.8
9/4/2021,British Columbia,3925357,75.3
9/4/2021,Yukon,32522,75.4
9/4/2021,Northwest Territories,29500,67.9
9/4/2021,Nunavut,23874,60.6
9/11/2021,Canada,28264693,73.9
9/11/2021,Newfoundland and Labrador,421222,80.9
9/11/2021,Prince Edward Island,129623,78.9
9/11/2021,Nova Scotia,764090,77
9/11/2021,New Brunswick,594428,75.3
9/11/2021,Quebec,6575582,76.4
9/11/2021,Ontario,10997962,74.2
9/11/2021,Manitoba,1004844,72.6
9/11/2021,Saskatchewan,780710,66.2
9/11/2021,Alberta,2947934,66.4
9/11/2021,British Columbia,3961804,76
9/11/2021,Yukon,32616,75.6
9/11/2021,Northwest Territories,29758,68.5
9/11/2021,Nunavut,24120,61.2
9/18/2021,Canada,28573682,74.7
9/18/2021,Newfoundland and Labrador,423500,81.4
9/18/2021,Prince Edward Island,130542,79.4
9/18/2021,Nova Scotia,771532,77.8
9/18/2021,New Brunswick,602471,76.3
9/18/2021,Quebec,6627179,77
9/18/2021,Ontario,11088718,74.8
9/18/2021,Manitoba,1013099,73.2
9/18/2021,Saskatchewan,791178,67.1
9/18/2021,Alberta,3031198,68.2
9/18/2021,British Columbia,4007201,76.8
9/18/2021,Yukon,32687,75.8
9/18/2021,Northwest Territories,29985,69
9/18/2021,Nunavut,24392,61.9
9/25/2021,Canada,28845645,75.4
9/25/2021,Newfoundland and Labrador,426570,81.9
9/25/2021,Prince Edward Island,131534,80
9/25/2021,Nova Scotia,778358,78.5
9/25/2021,New Brunswick,613721,77.8
9/25/2021,Quebec,6655870,77.4
9/25/2021,Ontario,11191067,75.5
9/25/2021,Manitoba,1018930,73.6
9/25/2021,Saskatchewan,805671,68.3
9/25/2021,Alberta,3089325,69.5
9/25/2021,British Columbia,4047010,77.6
9/25/2021,Yukon,32692,75.8
9/25/2021,Northwest Territories,30183,69.4
9/25/2021,Nunavut,24714,62.7
10/2/2021,Canada,29065767,76
10/2/2021,Newfoundland and Labrador,430575,82.7
10/2/2021,Prince Edward Island,132561,80.7
10/2/2021,Nova Scotia,784933,79.1
10/2/2021,New Brunswick,622821,78.9
10/2/2021,Quebec,6681973,77.7
10/2/2021,Ontario,11272941,76
10/2/2021,Manitoba,1024702,74.1
10/2/2021,Saskatchewan,819733,69.5
10/2/2021,Alberta,3136368,70.6
10/2/2021,British Columbia,4070961,78.1
10/2/2021,Yukon,32832,76.1
10/2/2021,Northwest Territories,30387,69.9
10/2/2021,Nunavut,24980,63.4
10/9/2021,Canada,29274268,76.5
10/9/2021,Newfoundland and Labrador,435167,83.6
10/9/2021,Prince Edward Island,133929,81.5
10/9/2021,Nova Scotia,792389,79.9
10/9/2021,New Brunswick,630749,79.9
10/9/2021,Quebec,6708668,78
10/9/2021,Ontario,11346301,76.5
10/9/2021,Manitoba,1031804,74.6
10/9/2021,Saskatchewan,834583,70.7
10/9/2021,Alberta,3175136,71.5
10/9/2021,British Columbia,4096828,78.6
10/9/2021,Yukon,32874,76.2
10/9/2021,Northwest Territories,30613,70.4
10/9/2021,Nunavut,25227,64
10/16/2021,Canada,29434261,77
10/16/2021,Newfoundland and Labrador,440564,84.6
10/16/2021,Prince Edward Island,134760,82
10/16/2021,Nova Scotia,799522,80.6
10/16/2021,New Brunswick,635683,80.5
10/16/2021,Quebec,6733718,78.3
10/16/2021,Ontario,11401106,76.9
10/16/2021,Manitoba,1038086,75
10/16/2021,Saskatchewan,842725,71.4
10/16/2021,Alberta,3203485,72.1
10/16/2021,British Columbia,4115184,78.9
10/16/2021,Yukon,32952,76.4
10/16/2021,Northwest Territories,30818,70.9
10/16/2021,Nunavut,25658,65.1
10/23/2021,Canada,29586960,77.4
10/23/2021,Newfoundland and Labrador,447737,86
10/23/2021,Prince Edward Island,135535,82.5
10/23/2021,Nova Scotia,805627,81.2
10/23/2021,New Brunswick,639574,81
10/23/2021,Quebec,6756410,78.5
10/23/2021,Ontario,11454409,77.3
10/23/2021,Manitoba,1042822,75.4
10/23/2021,Saskatchewan,850351,72.1
10/23/2021,Alberta,3229562,72.7
10/23/2021,British Columbia,4134599,79.3
10/23/2021,Yukon,33168,76.9
10/23/2021,Northwest Territories,31121,71.6
10/23/2021,Nunavut,26045,66.1
10/30/2021,Canada,29697815,77.7
10/30/2021,Newfoundland and Labrador,451476,86.7
10/30/2021,Prince Edward Island,136074,82.8
10/30/2021,Nova Scotia,809673,81.6
10/30/2021,New Brunswick,642535,81.4
10/30/2021,Quebec,6771587,78.7
10/30/2021,Ontario,11497222,77.5
10/30/2021,Manitoba,1046884,75.7
10/30/2021,Saskatchewan,856422,72.6
10/30/2021,Alberta,3244251,73
10/30/2021,British Columbia,4150753,79.6
10/30/2021,Yukon,33324,77.3
10/30/2021,Northwest Territories,31338,72.1
10/30/2021,Nunavut,26276,66.7
11/6/2021,Canada,29790358,77.9
11/6/2021,Newfoundland and Labrador,453632,87.1
11/6/2021,Prince Edward Island,136407,83
11/6/2021,Nova Scotia,812111,81.9
11/6/2021,New Brunswick,644193,81.6
11/6/2021,Quebec,6784982,78.9
11/6/2021,Ontario,11532131,77.8
11/6/2021,Manitoba,1050396,75.9
11/6/2021,Saskatchewan,861603,73
11/6/2021,Alberta,3258867,73.4
11/6/2021,British Columbia,4164608,79.9
11/6/2021,Yukon,33446,77.6
11/6/2021,Northwest Territories,31540,72.6
11/6/2021,Nunavut,26442,67.1
11/13/2021,Canada,29876775,78.1
11/13/2021,Newfoundland and Labrador,455271,87.5
11/13/2021,Prince Edward Island,136866,83.3
11/13/2021,Nova Scotia,814073,82.1
11/13/2021,New Brunswick,645577,81.8
11/13/2021,Quebec,6800256,79
11/13/2021,Ontario,11565749,78
11/13/2021,Manitoba,1053146,76.1
11/13/2021,Saskatchewan,865526,73.4
11/13/2021,Alberta,3272662,73.7
11/13/2021,British Columbia,4175893,80.1
11/13/2021,Yukon,33544,77.8
11/13/2021,Northwest Territories,31540,72.6
11/13/2021,Nunavut,26672,67.7
11/20/2021,Canada,29970720,78.4
11/20/2021,Newfoundland and Labrador,457061,87.8
11/20/2021,Prince Edward Island,137201,83.5
11/20/2021,Nova Scotia,821401,82.8
11/20/2021,New Brunswick,647285,82
11/20/2021,Quebec,6815316,79.2
11/20/2021,Ontario,11598644,78.2
11/20/2021,Manitoba,1056316,76.3
11/20/2021,Saskatchewan,869166,73.7
11/20/2021,Alberta,3290358,74.1
11/20/2021,British Columbia,4185544,80.3
11/20/2021,Yukon,33687,78.1
11/20/2021,Northwest Territories,31780,73.1
11/20/2021,Nunavut,26961,68.4
11/27/2021,Canada,30222831,79
11/27/2021,Newfoundland and Labrador,461243,88.6
11/27/2021,Prince Edward Island,138117,84.1
11/27/2021,Nova Scotia,823590,83
11/27/2021,New Brunswick,650624,82.4
11/27/2021,Quebec,6879325,80
11/27/2021,Ontario,11678129,78.8
11/27/2021,Manitoba,1066767,77.1
11/27/2021,Saskatchewan,886181,75.1
11/27/2021,Alberta,3351130,75.4
11/27/2021,British Columbia,4194552,80.4
11/27/2021,Yukon,33880,78.6
11/27/2021,Northwest Territories,32080,73.8
11/27/2021,Nunavut,27213,69.1
12/4/2021,Canada,30608535,80
12/4/2021,Newfoundland and Labrador,468499,90
12/4/2021,Prince Edward Island,139658,85
12/4/2021,Nova Scotia,833699,84
12/4/2021,New Brunswick,659336,83.5
12/4/2021,Quebec,7008037,81.4
12/4/2021,Ontario,11809917,79.7
12/4/2021,Manitoba,1089070,78.7
12/4/2021,Saskatchewan,907463,76.9
12/4/2021,Alberta,3365876,75.8
12/4/2021,British Columbia,4231616,81.1
12/4/2021,Yukon,34071,79
12/4/2021,Northwest Territories,33247,76.5
12/4/2021,Nunavut,28046,71.2
12/11/2021,Canada,30996389,81
12/11/2021,Newfoundland and Labrador,476178,91.5
12/11/2021,Prince Edward Island,140945,85.8
12/11/2021,Nova Scotia,852630,85.9
12/11/2021,New Brunswick,668548,84.7
12/11/2021,Quebec,7118244,82.7
12/11/2021,Ontario,11944371,80.6
12/11/2021,Manitoba,1102066,79.6
12/11/2021,Saskatchewan,916367,77.7
12/11/2021,Alberta,3398445,76.5
12/11/2021,British Columbia,4280705,82.1
12/11/2021,Yukon,34637,80.3
12/11/2021,Northwest Territories,33802,77.8
12/11/2021,Nunavut,29451,74.7
12/18/2021,Canada,31285180,81.8
12/18/2021,Newfoundland and Labrador,483543,92.9
12/18/2021,Prince Edward Island,142524,86.7
12/18/2021,Nova Scotia,864395,87.1
12/18/2021,New Brunswick,675236,85.6
12/18/2021,Quebec,7201353,83.7
12/18/2021,Ontario,12038634,81.2
12/18/2021,Manitoba,1113721,80.5
12/18/2021,Saskatchewan,921734,78.1
12/18/2021,Alberta,3423483,77.1
12/18/2021,British Columbia,4321212,82.9
12/18/2021,Yukon,35502,82.3
12/18/2021,Northwest Territories,34040,78.3
12/18/2021,Nunavut,29803,75.6
12/25/2021,Canada,31473380,82.3
12/25/2021,Newfoundland and Labrador,485454,93.3
12/25/2021,Prince Edward Island,143635,87.4
12/25/2021,Nova Scotia,868894,87.6
12/25/2021,New Brunswick,678025,85.9
12/25/2021,Quebec,7237210,84.1
12/25/2021,Ontario,12114044,81.7
12/25/2021,Manitoba,1119954,80.9
12/25/2021,Saskatchewan,925421,78.4
12/25/2021,Alberta,3442633,77.5
12/25/2021,British Columbia,4358089,83.6
12/25/2021,Yukon,35823,83.1
12/25/2021,Northwest Territories,34040,78.3
12/25/2021,Nunavut,30158,76.5
1/1/2022,Canada,31578092,82.6
1/1/2022,Newfoundland and Labrador,485985,93.4
1/1/2022,Prince Edward Island,143842,87.5
1/1/2022,Nova Scotia,872959,88
1/1/2022,New Brunswick,680085,86.2
1/1/2022,Quebec,7251377,84.3
1/1/2022,Ontario,12160616,82
1/1/2022,Manitoba,1122812,81.1
1/1/2022,Saskatchewan,928229,78.7
1/1/2022,Alberta,3456323,77.8
1/1/2022,British Columbia,4375218,83.9
1/1/2022,Yukon,35884,83.2
1/1/2022,Northwest Territories,34247,78.8
1/1/2022,Nunavut,30515,77.4
1/8/2022,Canada,31723594,81.5
1/8/2022,Newfoundland and Labrador,488197,92.8
1/8/2022,Prince Edward Island,144646,84.7
1/8/2022,Nova Scotia,875792,85.9
1/8/2022,New Brunswick,683759,84.2
1/8/2022,Quebec,7272984,83.6
1/8/2022,Ontario,12221966,80.9
1/8/2022,Manitoba,1128297,80.1
1/8/2022,Saskatchewan,933333,78.1
1/8/2022,Alberta,3473133,76.4
1/8/2022,British Columbia,4400247,82.7
1/8/2022,Yukon,36052,82
1/8/2022,Northwest Territories,34376,78.8
1/8/2022,Nunavut,30812,76
1/15/2022,Canada,31892478,81.9
1/15/2022,Newfoundland and Labrador,488197,92.8
1/15/2022,Prince Edward Island,146403,85.8
1/15/2022,Nova Scotia,880861,86.4
1/15/2022,New Brunswick,687148,84.6
1/15/2022,Quebec,7304130,84
1/15/2022,Ontario,12295318,81.4
1/15/2022,Manitoba,1133742,80.5
1/15/2022,Saskatchewan,939139,78.6
1/15/2022,Alberta,3491701,76.9
1/15/2022,British Columbia,4424104,83.2
1/15/2022,Yukon,36092,82.1
1/15/2022,Northwest Territories,34515,79.1
1/15/2022,Nunavut,31128,76.8
1/22/2022,Canada,32034623,82.3
1/22/2022,Newfoundland and Labrador,493587,93.8
1/22/2022,Prince Edward Island,147591,86.5
1/22/2022,Nova Scotia,884139,86.7
1/22/2022,New Brunswick,690436,85
1/22/2022,Quebec,7330275,84.3
1/22/2022,Ontario,12353617,81.8
1/22/2022,Manitoba,1138415,80.8
1/22/2022,Saskatchewan,943785,79
1/22/2022,Alberta,3507630,77.2
1/22/2022,British Columbia,4442841,83.5
1/22/2022,Yukon,36254,82.5
1/22/2022,Northwest Territories,34630,79.4
1/22/2022,Nunavut,31423,77.5
1/30/2022,Canada,32139822,82.6
1/30/2022,Newfoundland and Labrador,495133,94.1
1/30/2022,Prince Edward Island,148260,86.9
1/30/2022,Nova Scotia,887053,87
1/30/2022,New Brunswick,693025,85.3
1/30/2022,Quebec,7347364,84.5
1/30/2022,Ontario,12396636,82
1/30/2022,Manitoba,1142241,81.1
1/30/2022,Saskatchewan,947703,79.3
1/30/2022,Alberta,3522746,77.5
1/30/2022,British Columbia,4456918,83.8
1/30/2022,Yukon,36343,82.7
1/30/2022,Northwest Territories,34719,79.6
1/30/2022,Nunavut,31681,78.2
2/6/2022,Canada,32210798,82.7
2/6/2022,Newfoundland and Labrador,495987,94.3
2/6/2022,Prince Edward Island,148680,87.1
2/6/2022,Nova Scotia,889683,87.2
2/6/2022,New Brunswick,694645,85.5
2/6/2022,Quebec,7356355,84.6
2/6/2022,Ontario,12429510,82.3
2/6/2022,Manitoba,1145025,81.3
2/6/2022,Saskatchewan,949487,79.5
2/6/2022,Alberta,3530244,77.7
2/6/2022,British Columbia,4467960,84
2/6/2022,Yukon,36386,82.8
2/6/2022,Northwest Territories,34801,79.8
2/6/2022,Nunavut,32035,79
2/13/2022,Canada,32272793,82.9
2/13/2022,Newfoundland and Labrador,496844,94.5
2/13/2022,Prince Edward Island,149127,87.4
2/13/2022,Nova Scotia,891327,87.4
2/13/2022,New Brunswick,696029,85.7
2/13/2022,Quebec,7368725,84.7
2/13/2022,Ontario,12457832,82.5
2/13/2022,Manitoba,1147621,81.4
2/13/2022,Saskatchewan,950828,79.6
2/13/2022,Alberta,3535101,77.8
2/13/2022,British Columbia,4475663,84.1
2/13/2022,Yukon,36457,82.9
2/13/2022,Northwest Territories,34886,80
2/13/2022,Nunavut,32353,79.8
2/20/2022,Canada,32326148,83
2/20/2022,Newfoundland and Labrador,497446,94.6
2/20/2022,Prince Edward Island,149351,87.5
2/20/2022,Nova Scotia,895864,87.9
2/20/2022,New Brunswick,696808,85.8
2/20/2022,Quebec,7374683,84.8
2/20/2022,Ontario,12477223,82.6
2/20/2022,Manitoba,1149474,81.6
2/20/2022,Saskatchewan,951556,79.6
2/20/2022,Alberta,3539255,77.9
2/20/2022,British Columbia,4490516,84.4
2/20/2022,Yukon,36488,83
2/20/2022,Northwest Territories,34923,80.1
2/20/2022,Nunavut,32561,80.3
2/27/2022,Canada,32353218,83.1
2/27/2022,Newfoundland and Labrador,497920,94.7
2/27/2022,Prince Edward Island,149521,87.6
2/27/2022,Nova Scotia,896522,87.9
2/27/2022,New Brunswick,697403,85.9
2/27/2022,Quebec,7378913,84.9
2/27/2022,Ontario,12489709,82.7
2/27/2022,Manitoba,1150490,81.6
2/27/2022,Saskatchewan,952153,79.7
2/27/2022,Alberta,3541971,78
2/27/2022,British Columbia,4494515,84.5
2/27/2022,Yukon,36499,83
2/27/2022,Northwest Territories,34958,80.1
2/27/2022,Nunavut,32644,80.6
3/6/2022,Canada,32372942,83.2
3/6/2022,Newfoundland and Labrador,498102,94.7
3/6/2022,Prince Edward Island,149633,87.7
3/6/2022,Nova Scotia,896923,88
3/6/2022,New Brunswick,697744,85.9
3/6/2022,Quebec,7381667,84.9
3/6/2022,Ontario,12498492,82.7
3/6/2022,Manitoba,1151502,81.7
3/6/2022,Saskatchewan,952749,79.7
3/6/2022,Alberta,3543997,78
3/6/2022,British Columbia,4497944,84.6
3/6/2022,Yukon,36490,83
3/6/2022,Northwest Territories,34958,80.1
3/6/2022,Nunavut,32741,80.8
3/13/2022,Canada,32389920,83.2
3/13/2022,Newfoundland and Labrador,498283,94.7
3/13/2022,Prince Edward Island,149749,87.7
3/13/2022,Nova Scotia,897207,88
3/13/2022,New Brunswick,697997,86
3/13/2022,Quebec,7383909,84.9
3/13/2022,Ontario,12506368,82.8
3/13/2022,Manitoba,1152121,81.8
3/13/2022,Saskatchewan,953084,79.8
3/13/2022,Alberta,3545894,78
3/13/2022,British Columbia,4500983,84.6
3/13/2022,Yukon,36501,83
3/13/2022,Northwest Territories,35013,80.3
3/13/2022,Nunavut,32811,81
3/20/2022,Canada,32396169,83.2
3/20/2022,Newfoundland and Labrador,498432,94.8
3/20/2022,Prince Edward Island,149823,87.8
3/20/2022,Nova Scotia,897451,88
3/20/2022,New Brunswick,698261,86
3/20/2022,Quebec,7377715,84.8
3/20/2022,Ontario,12513005,82.8
3/20/2022,Manitoba,1152704,81.8
3/20/2022,Saskatchewan,953403,79.8
3/20/2022,Alberta,3547819,78.1
3/20/2022,British Columbia,4503130,84.7
3/20/2022,Yukon,36513,83.1
3/20/2022,Northwest Territories,35029,80.3
3/20/2022,Nunavut,32884,81.1
3/27/2022,Canada,32406486,83.2
3/27/2022,Newfoundland and Labrador,498548,94.8
3/27/2022,Prince Edward Island,149890,87.8
3/27/2022,Nova Scotia,898705,88.1
3/27/2022,New Brunswick,698479,86
3/27/2022,Quebec,7375995,84.8
3/27/2022,Ontario,12518007,82.8
3/27/2022,Manitoba,1153245,81.8
3/27/2022,Saskatchewan,953714,79.8
3/27/2022,Alberta,3549634,78.1
3/27/2022,British Columbia,4505751,84.7
3/27/2022,Yukon,36533,83.1
3/27/2022,Northwest Territories,35045,80.3
3/27/2022,Nunavut,32940,81.3
4/3/2022,Canada,32417773,83.3
4/3/2022,Newfoundland and Labrador,498670,94.8
4/3/2022,Prince Edward Island,149941,87.8
4/3/2022,Nova Scotia,899011,88.2
4/3/2022,New Brunswick,698652,86
4/3/2022,Quebec,7377557,84.8
4/3/2022,Ontario,12523092,82.9
4/3/2022,Manitoba,1153603,81.9
4/3/2022,Saskatchewan,954009,79.8
4/3/2022,Alberta,3551369,78.2
4/3/2022,British Columbia,4507269,84.7
4/3/2022,Yukon,36537,83.1
4/3/2022,Northwest Territories,35054,80.4
4/3/2022,Nunavut,33009,81.5
4/10/2022,Canada,32428772,83.3
4/10/2022,Newfoundland and Labrador,498753,94.8
4/10/2022,Prince Edward Island,149980,87.9
4/10/2022,Nova Scotia,899281,88.2
4/10/2022,New Brunswick,698817,86.1
4/10/2022,Quebec,7379460,84.9
4/10/2022,Ontario,12526296,82.9
4/10/2022,Manitoba,1154076,81.9
4/10/2022,Saskatchewan,954283,79.9
4/10/2022,Alberta,3552983,78.2
4/10/2022,British Columbia,4510170,84.8
4/10/2022,Yukon,36552,83.1
4/10/2022,Northwest Territories,35057,80.4
4/10/2022,Nunavut,33064,81.6
4/24/2022,Canada,32447114,83.4
4/24/2022,Newfoundland and Labrador,498904,94.9
4/24/2022,Prince Edward Island,150076,87.9
4/24/2022,Nova Scotia,899803,88.2
4/24/2022,New Brunswick,699171,86.1
4/24/2022,Quebec,7383086,84.9
4/24/2022,Ontario,12537186,83
4/24/2022,Manitoba,1147979,81.5
4/24/2022,Saskatchewan,954920,79.9
4/24/2022,Alberta,3556699,78.3
4/24/2022,British Columbia,4514531,84.9
4/24/2022,Yukon,36565,83.2
4/24/2022,Northwest Territories,35077,80.4
4/24/2022,Nunavut,33117,81.7
5/8/2022,Canada,32457819,83.4
5/8/2022,Newfoundland and Labrador,499164,94.9
5/8/2022,Prince Edward Island,150155,88
5/8/2022,Nova Scotia,900298,88.3
5/8/2022,New Brunswick,699543,86.1
5/8/2022,Quebec,7378249,84.8
5/8/2022,Ontario,12546587,83
5/8/2022,Manitoba,1148288,81.5
5/8/2022,Saskatchewan,955538,80
5/8/2022,Alberta,3560833,78.4
5/8/2022,British Columbia,4514324,84.9
5/8/2022,Yukon,36606,83.3
5/8/2022,Northwest Territories,35092,80.5
5/8/2022,Nunavut,33142,81.8
5/22/2022,Canada,32479479,83.4
5/22/2022,Newfoundland and Labrador,499354,94.9
5/22/2022,Prince Edward Island,150248,88
5/22/2022,Nova Scotia,900733,88.3
5/22/2022,New Brunswick,699838,86.2
5/22/2022,Quebec,7381597,84.9
5/22/2022,Ontario,12555600,83.1
5/22/2022,Manitoba,1148563,81.5
5/22/2022,Saskatchewan,956150,80
5/22/2022,Alberta,3564293,78.5
5/22/2022,British Columbia,4518189,84.9
5/22/2022,Yukon,36629,83.3
5/22/2022,Northwest Territories,35115,80.5
5/22/2022,Nunavut,33170,81.8
6/19/2022,Canada,32510831,83.5
6/19/2022,Newfoundland and Labrador,499706,95
6/19/2022,Prince Edward Island,150391,88.1
6/19/2022,Nova Scotia,901462,88.4
6/19/2022,New Brunswick,700533,86.3
6/19/2022,Quebec,7387093,85
6/19/2022,Ontario,12566850,83.2
6/19/2022,Manitoba,1149061,81.5
6/19/2022,Saskatchewan,957138,80.1
6/19/2022,Alberta,3569539,78.6
6/19/2022,British Columbia,4524033,85
6/19/2022,Yukon,36655,83.4
6/19/2022,Northwest Territories,35142,80.6
6/19/2022,Nunavut,33228,82
7/17/2022,Canada,32521411,83.5
7/17/2022,Newfoundland and Labrador,500017,95.1
7/17/2022,Prince Edward Island,150548,88.2
7/17/2022,Nova Scotia,902193,88.5
7/17/2022,New Brunswick,701128,86.3
7/17/2022,Quebec,7380033,84.9
7/17/2022,Ontario,12573708,83.2
7/17/2022,Manitoba,1149563,81.6
7/17/2022,Saskatchewan,957997,80.2
7/17/2022,Alberta,3573383,78.7
7/17/2022,British Columbia,4527735,85.1
7/17/2022,Yukon,36671,83.4
7/17/2022,Northwest Territories,35142,80.6
7/17/2022,Nunavut,33293,82.2
8/14/2022,Canada,32209987,82.7
8/14/2022,Newfoundland and Labrador,501184,95.3
8/14/2022,Prince Edward Island,151078,88.5
8/14/2022,Nova Scotia,905508,88.8
8/14/2022,New Brunswick,702070,86.5
8/14/2022,Quebec,6992319,80.4
8/14/2022,Ontario,12611718,83.5
8/14/2022,Manitoba,1151447,81.7
8/14/2022,Saskatchewan,961944,80.5
8/14/2022,Alberta,3585477,78.9
8/14/2022,British Columbia,4543239,85.4
8/14/2022,Yukon,36639,83.3
8/14/2022,Northwest Territories,34638,79.4
8/14/2022,Nunavut,32726,80.8
9/11/2022,Canada,32287214,82.9
9/11/2022,Newfoundland and Labrador,502160,95.5
9/11/2022,Prince Edward Island,151533,88.8
9/11/2022,Nova Scotia,907253,89
9/11/2022,New Brunswick,703706,86.7
9/11/2022,Quebec,7001776,80.5
9/11/2022,Ontario,12644274,83.7
9/11/2022,Manitoba,1154499,81.9
9/11/2022,Saskatchewan,965206,80.8
9/11/2022,Alberta,3596158,79.2
9/11/2022,British Columbia,4556344,85.7
9/11/2022,Yukon,36821,83.8
9/11/2022,Northwest Territories,34721,79.6
9/11/2022,Nunavut,32763,80.8
10/9/2022,Canada,32323268,83
10/9/2022,Newfoundland and Labrador,502638,95.6
10/9/2022,Prince Edward Island,151860,89
10/9/2022,Nova Scotia,908614,89.1
10/9/2022,New Brunswick,704410,86.7
10/9/2022,Quebec,7007518,80.6
10/9/2022,Ontario,12658798,83.8
10/9/2022,Manitoba,1156113,82
10/9/2022,Saskatchewan,966985,80.9
10/9/2022,Alberta,3601165,79.3
10/9/2022,British Columbia,4560777,85.7
10/9/2022,Yukon,36863,83.8
10/9/2022,Northwest Territories,34763,79.7
10/9/2022,Nunavut,32764,80.8
11/6/2022,Canada,32358195,83.1
11/6/2022,Newfoundland and Labrador,503396,95.7
11/6/2022,Prince Edward Island,152145,89.1
11/6/2022,Nova Scotia,909865,89.2
11/6/2022,New Brunswick,704808,86.8
11/6/2022,Quebec,7013192,80.7
11/6/2022,Ontario,12670372,83.9
11/6/2022,Manitoba,1157581,82.1
11/6/2022,Saskatchewan,969428,81.1
11/6/2022,Alberta,3605381,79.4
11/6/2022,British Columbia,4567535,85.9
11/6/2022,Yukon,36999,84.2
11/6/2022,Northwest Territories,34716,79.6
11/6/2022,Nunavut,32777,80.9
12/4/2022,Canada,32408780,83.3
12/4/2022,Newfoundland and Labrador,504081,95.8
12/4/2022,Prince Edward Island,152694,89.5
12/4/2022,Nova Scotia,911315,89.4
12/4/2022,New Brunswick,705056,86.8
12/4/2022,Quebec,7017520,80.7
12/4/2022,Ontario,12684588,84
12/4/2022,Manitoba,1159150,82.3
12/4/2022,Saskatchewan,971939,81.3
12/4/2022,Alberta,3609940,79.5
12/4/2022,British Columbia,4587433,86.2
12/4/2022,Yukon,37075,84.3
12/4/2022,Northwest Territories,35196,80.7
12/4/2022,Nunavut,32793,80.9
1/1/2023,Canada,32442353,83.3
1/1/2023,Newfoundland and Labrador,504534,95.9
1/1/2023,Prince Edward Island,152950,89.6
1/1/2023,Nova Scotia,913364,89.6
1/1/2023,New Brunswick,705263,86.8
1/1/2023,Quebec,7022497,80.8
1/1/2023,Ontario,12690840,84
1/1/2023,Manitoba,1159727,82.3
1/1/2023,Saskatchewan,973608,81.5
1/1/2023,Alberta,3613332,79.5
1/1/2023,British Columbia,4600969,86.5
1/1/2023,Yukon,37168,84.5
1/1/2023,Northwest Territories,35286,80.9
1/1/2023,Nunavut,32815,81
1/29/2023,Canada,32462043,83.4
1/29/2023,Newfoundland and Labrador,504949,96
1/29/2023,Prince Edward Island,153261,89.8
1/29/2023,Nova Scotia,914010,89.6
1/29/2023,New Brunswick,705564,86.9
1/29/2023,Quebec,7021757,80.8
1/29/2023,Ontario,12696516,84
1/29/2023,Manitoba,1160183,82.3
1/29/2023,Saskatchewan,975113,81.6
1/29/2023,Alberta,3616529,79.6
1/29/2023,British Columbia,4609282,86.7
1/29/2023,Yukon,37210,84.6
1/29/2023,Northwest Territories,34887,80
1/29/2023,Nunavut,32782,80.9
2/26/2023,Canada,32467548,83.4
2/26/2023,Newfoundland and Labrador,505165,96
2/26/2023,Prince Edward Island,153389,89.9
2/26/2023,Nova Scotia,914274,89.7
2/26/2023,New Brunswick,705756,86.9
2/26/2023,Quebec,7022891,80.8
2/26/2023,Ontario,12693484,84
2/26/2023,Manitoba,1160398,82.3
2/26/2023,Saskatchewan,975958,81.7
2/26/2023,Alberta,3618415,79.6
2/26/2023,British Columbia,4611595,86.7
2/26/2023,Yukon,37309,84.9
2/26/2023,Northwest Territories,34495,79.1
2/26/2023,Nunavut,34419,84.9
3/26/2023,Canada,32464613,83.4
3/26/2023,Newfoundland and Labrador,502850,95.6
3/26/2023,Prince Edward Island,153464,89.9
3/26/2023,Nova Scotia,914507,89.7
3/26/2023,New Brunswick,705982,86.9
3/26/2023,Quebec,7024333,80.8
3/26/2023,Ontario,12689223,84
3/26/2023,Manitoba,1158894,82.2
3/26/2023,Saskatchewan,976595,81.7
3/26/2023,Alberta,3619485,79.7
3/26/2023,British Columbia,4613061,86.7
3/26/2023,Yukon,37290,84.8
3/26/2023,Northwest Territories,34499,79.1
3/26/2023,Nunavut,34430,85
4/23/2023,Canada,32388709,83.2
4/23/2023,Newfoundland and Labrador,502954,95.6
4/23/2023,Prince Edward Island,153556,90
4/23/2023,Nova Scotia,838424,82.2
4/23/2023,New Brunswick,706119,87
4/23/2023,Quebec,7027907,80.8
4/23/2023,Ontario,12683790,83.9
4/23/2023,Manitoba,1157897,82.2
4/23/2023,Saskatchewan,977070,81.8
4/23/2023,Alberta,3620374,79.7
4/23/2023,British Columbia,4614414,86.7
4/23/2023,Yukon,37273,84.8
4/23/2023,Northwest Territories,34499,79.1
4/23/2023,Nunavut,34432,85
